<?xml version="1.0" encoding="windows-1252" ?>
<!DOCTYPE AppModule SYSTEM "jbo_03_01.dtd">
<!---->
<AppModule
  xmlns="http://xmlns.oracle.com/bc4j"
  Name="AppModule"
  Version="11.1.1.65.57"
  InheritPersonalization="true"
  ClearCacheOnRollback="true"
  ComponentClass="com.model.am.AppModuleImpl"
  ComponentInterface="com.model.am.common.AppModule"
  ClientProxyName="com.model.am.client.AppModuleClient">
  <DesignTime>
    <Attr Name="_deployType" Value="0"/>
    <Attr Name="_isCodegen" Value="true"/>
  </DesignTime>
  <ViewUsage
    Name="EcoAnalysisView1"
    ViewObjectName="com.model.view.EcoAnalysisView"/>
  <ViewUsage
    Name="UsersView1"
    ViewObjectName="com.model.view.UsersView"/>
  <ViewUsage
    Name="HistoryView1"
    ViewObjectName="com.model.view.HistoryView"/>
  <ViewUsage
    Name="AnalysisView1"
    ViewObjectName="com.model.view.AnalysisView"/>
  <ViewUsage
    Name="BondTextStandardView1"
    ViewObjectName="com.model.view.BondTextStandardView"/>
  <ViewUsage
    Name="BondExposureView1"
    ViewObjectName="com.model.view.BondExposureView"/>
  <ViewUsage
    Name="ProductViewView1"
    ViewObjectName="com.model.view.ProductViewView"/>
  <ViewUsage
    Name="EconomicalAnalysisVO"
    ViewObjectName="com.model.view.EconomicalAnalysisVO"/>
  <ClientInterface>
    <Method
      Name="createAndSetEcoAnalysisRow">
      <Return
        Type="void"/>
    </Method>
  </ClientInterface>
  <ClientInterface>
    <Method
      Name="createAndSetEcoAnalysisRow">
      <Return
        Type="void"/>
    </Method>
  </ClientInterface>
</AppModule>
