<?xml version="1.0" encoding="windows-1252" ?>
<adfc-config xmlns="http://xmlns.oracle.com/adf/controller" version="1.2">
  <task-flow-definition id="DashboardFlow">
    <default-activity id="__22">ExecuteWithParams</default-activity>
    <input-parameter-definition id="__2">
      <name id="__1">userId</name>
      <value>#{pageFlowScope.userName}</value>
      <class>java.lang.String</class>
      <required/>
    </input-parameter-definition>
    <managed-bean id="__20">
      <managed-bean-name id="__23">dashboardBean</managed-bean-name>
      <managed-bean-class id="__21">com.view.bean.DashboardBean</managed-bean-class>
      <managed-bean-scope id="__19">pageFlow</managed-bean-scope>
    </managed-bean>
    <view id="TaskListView">
      <page>/Fragments/TaskListView.jsff</page>
    </view>
    <task-flow-call id="FUWAnalysisFlow">
      <task-flow-reference>
        <document>/WEB-INF/FUWAnalysisFlow.xml</document>
        <id>FUWAnalysisFlow</id>
      </task-flow-reference>
      <input-parameter id="__4">
        <name>userName</name>
        <value>#{pageFlowScope.userName}</value>
      </input-parameter>
      <input-parameter id="__5">
        <name>userRole</name>
        <value>#{pageFlowScope.userRole}</value>
      </input-parameter>
      <input-parameter id="__6">
        <name>bondId</name>
        <value>#{pageFlowScope.bondId}</value>
      </input-parameter>
      <input-parameter id="__17">
        <name>bondStatus</name>
        <value>#{pageFlowScope.bondStatus}</value>
      </input-parameter>
      <input-parameter id="__18">
        <name>bondAmount</name>
        <value>#{pageFlowScope.bondAmount}</value>
      </input-parameter>
      <input-parameter id="__24">
        <name>customerNum</name>
        <value>#{pageFlowScope.customerNum}</value>
      </input-parameter>
      <input-parameter id="__25">
        <name>userId</name>
        <value>#{pageFlowScope.userId}</value>
      </input-parameter>
    </task-flow-call>
    <method-call id="ExecuteWithParams">
      <method>#{bindings.ExecuteWithParams.execute}</method>
      <outcome id="__3">
        <fixed-outcome>ExecuteWithParams</fixed-outcome>
      </outcome>
    </method-call>
    <method-call id="updateDashboard">
      <method>#{bindings.dashboardTaskList.execute}</method>
      <outcome id="__7">
        <fixed-outcome>dashboardTaskList</fixed-outcome>
      </outcome>
    </method-call>
    <control-flow-rule id="__10">
      <from-activity-id id="__11">TaskListView</from-activity-id>
      <control-flow-case id="__12">
        <from-outcome id="__13">analysis</from-outcome>
        <to-activity-id id="__16">FUWAnalysisFlow</to-activity-id>
      </control-flow-case>
    </control-flow-rule>
    <control-flow-rule id="__38">
      <from-activity-id id="__39">FUWAnalysisFlow</from-activity-id>
      <control-flow-case id="__41">
        <from-outcome id="__42">taskFlowReturn</from-outcome>
        <to-activity-id id="__40">ExecuteWithParams</to-activity-id>
      </control-flow-case>
    </control-flow-rule>
    <control-flow-rule id="__8">
      <from-activity-id id="__9">ExecuteWithParams</from-activity-id>
      <control-flow-case id="__15">
        <from-outcome id="__26">ExecuteWithParams</from-outcome>
        <to-activity-id id="__14">updateDashboard</to-activity-id>
      </control-flow-case>
    </control-flow-rule>
    <control-flow-rule id="__27">
      <from-activity-id id="__28">updateDashboard</from-activity-id>
      <control-flow-case id="__31">
        <from-outcome id="__29">dashboardTaskList</from-outcome>
        <to-activity-id id="__30">TaskListView</to-activity-id>
      </control-flow-case>
    </control-flow-rule>
    <use-page-fragments/>
  </task-flow-definition>
</adfc-config>
