<?xml version="1.0" encoding="windows-1252" ?>
<adfc-config xmlns="http://xmlns.oracle.com/adf/controller" version="1.2">
  <task-flow-definition id="FUWAnalysisFlow">
    <default-activity id="__1">createAndSetEcoAnalysisRow</default-activity>
    <input-parameter-definition id="__2">
      <name id="__3">userName</name>
      <value>#{pageFlowScope.userName}</value>
      <class>java.lang.String</class>
    </input-parameter-definition>
    <input-parameter-definition id="__4">
      <name id="__22">userRole</name>
      <value>#{pageFlowScope.userRole}</value>
      <class>java.lang.String</class>
    </input-parameter-definition>
    <input-parameter-definition id="__23">
      <name id="__5">bondId</name>
      <value>#{pageFlowScope.bondId}</value>
      <class>java.lang.String</class>
    </input-parameter-definition>
    <input-parameter-definition id="__24">
      <name id="__25">bondStatus</name>
      <value>#{pageFlowScope.bondStatus}</value>
      <class>java.lang.String</class>
    </input-parameter-definition>
    <input-parameter-definition id="__26">
      <name id="__27">bondAmount</name>
      <value>#{pageFlowScope.bondAmount}</value>
      <class>java.lang.String</class>
    </input-parameter-definition>
    <input-parameter-definition id="__28">
      <name id="__29">customerNum</name>
      <value>#{pageFlowScope.customerNum}</value>
      <class>java.lang.String</class>
    </input-parameter-definition>
    <input-parameter-definition id="__37">
      <name id="__36">userId</name>
      <value>#{pageFlowScope.userId}</value>
      <class>oracle.jbo.domain.Number</class>
    </input-parameter-definition>
    <managed-bean id="__20">
      <managed-bean-name id="__18">fuwBean</managed-bean-name>
      <managed-bean-class id="__19">com.view.bean.FUWAnalysisBean</managed-bean-class>
      <managed-bean-scope id="__21">pageFlow</managed-bean-scope>
    </managed-bean>
    <view id="FUWAnalysisView">
      <page>/Fragments/FUWAnalysisView.jsff</page>
    </view>
    <task-flow-return id="taskFlowReturn">
      <outcome id="__6">
        <name>taskFlowReturn</name>
      </outcome>
    </task-flow-return>
    <method-call id="ExecuteWithParams">
      <method>#{bindings.ExecuteWithParams.execute}</method>
      <outcome id="__12">
        <fixed-outcome>ExecuteWithParams</fixed-outcome>
      </outcome>
    </method-call>
    <method-call id="createAndSetEcoAnalysisRow">
      <method>#{bindings.createAndSetEcoAnalysisRow.execute}</method>
      <outcome id="__30">
        <fixed-outcome>createAndSetEcoAnalysisRow</fixed-outcome>
      </outcome>
    </method-call>
    <method-call id="findFUWAnalysis">
      <method>#{bindings.findFUWAnalysis.execute}</method>
      <outcome id="__38">
        <fixed-outcome>findFUWAnalysis</fixed-outcome>
      </outcome>
    </method-call>
    <control-flow-rule id="__7">
      <from-activity-id id="__8">FUWAnalysisView</from-activity-id>
      <control-flow-case id="__9">
        <from-outcome id="__11">return</from-outcome>
        <to-activity-id id="__10">taskFlowReturn</to-activity-id>
      </control-flow-case>
    </control-flow-rule>
    <control-flow-rule id="__13">
      <from-activity-id id="__14">ExecuteWithParams</from-activity-id>
      <control-flow-case id="__15">
        <from-outcome id="__16">ExecuteWithParams</from-outcome>
        <to-activity-id id="__17">FUWAnalysisView</to-activity-id>
      </control-flow-case>
    </control-flow-rule>
    <control-flow-rule id="__31">
      <from-activity-id id="__32">createAndSetEcoAnalysisRow</from-activity-id>
      <control-flow-case id="__35">
        <from-outcome id="__34">createAndSetEcoAnalysisRow</from-outcome>
        <to-activity-id id="__33">findFUWAnalysis</to-activity-id>
      </control-flow-case>
    </control-flow-rule>
    <control-flow-rule id="__39">
      <from-activity-id id="__40">findFUWAnalysis</from-activity-id>
      <control-flow-case id="__41">
        <from-outcome id="__42">findFUWAnalysis</from-outcome>
        <to-activity-id id="__43">FUWAnalysisView</to-activity-id>
      </control-flow-case>
    </control-flow-rule>
    <use-page-fragments/>
  </task-flow-definition>
</adfc-config>
