<?xml version="1.0" encoding="windows-1252" ?>
<!DOCTYPE Entity SYSTEM "jbo_03_01.dtd">
<!---->
<Entity
  xmlns="http://xmlns.oracle.com/bc4j"
  Name="EconomicalAnalysisEO"
  Version="11.1.1.65.57"
  InheritPersonalization="true"
  DBObjectType="table"
  DBObjectName="ECONOMICAL_ANALYSIS"
  AliasName="EconomicalAnalysisEO"
  BindingStyle="OracleName"
  UseGlueCode="false">
  <DesignTime>
    <AttrArray Name="_publishEvents"/>
  </DesignTime>
  <Attribute
    Name="EcoId"
    IsNotNull="true"
    ColumnName="ECO_ID"
    SQLType="NUMERIC"
    Type="oracle.jbo.domain.Number"
    ColumnType="NUMBER"
    TableName="ECONOMICAL_ANALYSIS"
    PrimaryKey="true">
    <DesignTime>
      <Attr Name="_DisplaySize" Value="39"/>
    </DesignTime>
    <TransientExpression><![CDATA[(new oracle.jbo.server.SequenceImpl("ECO_ANALYSIS_SEQ",
object.getDBTransaction())).getSequenceNumber();]]></TransientExpression>
  </Attribute>
  <Attribute
    Name="AnalysisId"
    ColumnName="ANALYSIS_ID"
    SQLType="NUMERIC"
    Type="oracle.jbo.domain.Number"
    ColumnType="NUMBER"
    TableName="ECONOMICAL_ANALYSIS">
    <DesignTime>
      <Attr Name="_DisplaySize" Value="39"/>
    </DesignTime>
  </Attribute>
  <Attribute
    Name="BondId"
    Precision="60"
    ColumnName="BOND_ID"
    SQLType="VARCHAR"
    Type="java.lang.String"
    ColumnType="VARCHAR2"
    TableName="ECONOMICAL_ANALYSIS">
    <DesignTime>
      <Attr Name="_DisplaySize" Value="60"/>
    </DesignTime>
  </Attribute>
  <Attribute
    Name="UserId"
    ColumnName="USER_ID"
    SQLType="NUMERIC"
    Type="oracle.jbo.domain.Number"
    ColumnType="NUMBER"
    TableName="ECONOMICAL_ANALYSIS">
    <DesignTime>
      <Attr Name="_DisplaySize" Value="39"/>
    </DesignTime>
  </Attribute>
  <Attribute
    Name="CreationDate"
    ColumnName="CREATION_DATE"
    SQLType="TIMESTAMP"
    Type="oracle.jbo.domain.Date"
    ColumnType="DATE"
    TableName="ECONOMICAL_ANALYSIS">
    <DesignTime>
      <Attr Name="_DisplaySize" Value="7"/>
    </DesignTime>
  </Attribute>
  <Attribute
    Name="LastFinReport"
    Precision="60"
    ColumnName="LAST_FIN_REPORT"
    SQLType="VARCHAR"
    Type="java.lang.String"
    ColumnType="VARCHAR2"
    TableName="ECONOMICAL_ANALYSIS">
    <DesignTime>
      <Attr Name="_DisplaySize" Value="60"/>
    </DesignTime>
  </Attribute>
  <Attribute
    Name="LegalForm"
    Precision="60"
    ColumnName="LEGAL_FORM"
    SQLType="VARCHAR"
    Type="java.lang.String"
    ColumnType="VARCHAR2"
    TableName="ECONOMICAL_ANALYSIS">
    <DesignTime>
      <Attr Name="_DisplaySize" Value="60"/>
    </DesignTime>
  </Attribute>
  <Attribute
    Name="NextPeriod"
    Precision="60"
    ColumnName="NEXT_PERIOD"
    SQLType="VARCHAR"
    Type="java.lang.String"
    ColumnType="VARCHAR2"
    TableName="ECONOMICAL_ANALYSIS">
    <DesignTime>
      <Attr Name="_DisplaySize" Value="60"/>
    </DesignTime>
  </Attribute>
  <Attribute
    Name="Salesholders"
    Precision="60"
    ColumnName="SALESHOLDERS"
    SQLType="VARCHAR"
    Type="java.lang.String"
    ColumnType="VARCHAR2"
    TableName="ECONOMICAL_ANALYSIS">
    <DesignTime>
      <Attr Name="_DisplaySize" Value="60"/>
    </DesignTime>
  </Attribute>
  <Attribute
    Name="ProvisionalSales"
    Precision="60"
    ColumnName="PROVISIONAL_SALES"
    SQLType="VARCHAR"
    Type="java.lang.String"
    ColumnType="VARCHAR2"
    TableName="ECONOMICAL_ANALYSIS">
    <DesignTime>
      <Attr Name="_DisplaySize" Value="60"/>
    </DesignTime>
  </Attribute>
  <Attribute
    Name="History"
    Precision="60"
    ColumnName="HISTORY"
    SQLType="VARCHAR"
    Type="java.lang.String"
    ColumnType="VARCHAR2"
    TableName="ECONOMICAL_ANALYSIS">
    <DesignTime>
      <Attr Name="_DisplaySize" Value="60"/>
    </DesignTime>
  </Attribute>
  <Attribute
    Name="InvestmentProject"
    Precision="60"
    ColumnName="INVESTMENT_PROJECT"
    SQLType="VARCHAR"
    Type="java.lang.String"
    ColumnType="VARCHAR2"
    TableName="ECONOMICAL_ANALYSIS">
    <DesignTime>
      <Attr Name="_DisplaySize" Value="60"/>
    </DesignTime>
  </Attribute>
  <Attribute
    Name="GroupActivity"
    Precision="60"
    ColumnName="GROUP_ACTIVITY"
    SQLType="VARCHAR"
    Type="java.lang.String"
    ColumnType="VARCHAR2"
    TableName="ECONOMICAL_ANALYSIS">
    <DesignTime>
      <Attr Name="_DisplaySize" Value="60"/>
    </DesignTime>
  </Attribute>
  <Attribute
    Name="ExternalSource"
    Precision="60"
    ColumnName="EXTERNAL_SOURCE"
    SQLType="VARCHAR"
    Type="java.lang.String"
    ColumnType="VARCHAR2"
    TableName="ECONOMICAL_ANALYSIS">
    <DesignTime>
      <Attr Name="_DisplaySize" Value="60"/>
    </DesignTime>
  </Attribute>
  <Attribute
    Name="MarketStudy"
    Precision="60"
    ColumnName="MARKET_STUDY"
    SQLType="VARCHAR"
    Type="java.lang.String"
    ColumnType="VARCHAR2"
    TableName="ECONOMICAL_ANALYSIS">
    <DesignTime>
      <Attr Name="_DisplaySize" Value="60"/>
    </DesignTime>
  </Attribute>
  <Attribute
    Name="Strengths"
    Precision="60"
    ColumnName="STRENGTHS"
    SQLType="VARCHAR"
    Type="java.lang.String"
    ColumnType="VARCHAR2"
    TableName="ECONOMICAL_ANALYSIS">
    <DesignTime>
      <Attr Name="_DisplaySize" Value="60"/>
    </DesignTime>
  </Attribute>
  <Attribute
    Name="ExtraInfo"
    Precision="60"
    ColumnName="EXTRA_INFO"
    SQLType="VARCHAR"
    Type="java.lang.String"
    ColumnType="VARCHAR2"
    TableName="ECONOMICAL_ANALYSIS">
    <DesignTime>
      <Attr Name="_DisplaySize" Value="60"/>
    </DesignTime>
  </Attribute>
  <Attribute
    Name="Weakness"
    Precision="60"
    ColumnName="WEAKNESS"
    SQLType="VARCHAR"
    Type="java.lang.String"
    ColumnType="VARCHAR2"
    TableName="ECONOMICAL_ANALYSIS">
    <DesignTime>
      <Attr Name="_DisplaySize" Value="60"/>
    </DesignTime>
  </Attribute>
  <Attribute
    Name="CommentsCurrentExposure"
    Precision="60"
    ColumnName="COMMENTS_CURRENT_EXPOSURE"
    SQLType="VARCHAR"
    Type="java.lang.String"
    ColumnType="VARCHAR2"
    TableName="ECONOMICAL_ANALYSIS">
    <DesignTime>
      <Attr Name="_DisplaySize" Value="60"/>
    </DesignTime>
  </Attribute>
  <Attribute
    Name="CommentsOnRequest"
    Precision="60"
    ColumnName="COMMENTS_ON_REQUEST"
    SQLType="VARCHAR"
    Type="java.lang.String"
    ColumnType="VARCHAR2"
    TableName="ECONOMICAL_ANALYSIS">
    <DesignTime>
      <Attr Name="_DisplaySize" Value="60"/>
    </DesignTime>
  </Attribute>
  <Attribute
    Name="Conditions"
    Precision="60"
    ColumnName="CONDITIONS"
    SQLType="VARCHAR"
    Type="java.lang.String"
    ColumnType="VARCHAR2"
    TableName="ECONOMICAL_ANALYSIS">
    <DesignTime>
      <Attr Name="_DisplaySize" Value="60"/>
    </DesignTime>
  </Attribute>
  <Attribute
    Name="UnderwriterDecision"
    Precision="60"
    ColumnName="UNDERWRITER_DECISION"
    SQLType="VARCHAR"
    Type="java.lang.String"
    ColumnType="VARCHAR2"
    TableName="ECONOMICAL_ANALYSIS">
    <DesignTime>
      <Attr Name="_DisplaySize" Value="60"/>
    </DesignTime>
  </Attribute>
  <Key
    Name="SysC0016788">
    <DesignTime>
      <Attr Name="_DBObjectName" Value="SYS_C0016788"/>
      <Attr Name="_checkCondition" Value='"ECO_ID" IS NOT NULL'/>
      <Attr Name="_isCheck" Value="true"/>
    </DesignTime>
    <AttrArray Name="Attributes">
      <Item Value="com.model.entity.EconomicalAnalysisEO.EcoId"/>
    </AttrArray>
  </Key>
  <Key
    Name="SysC0016789"
    PrimaryKey="true">
    <DesignTime>
      <Attr Name="_DBObjectName" Value="SYS_C0016789"/>
    </DesignTime>
    <AttrArray Name="Attributes">
      <Item Value="com.model.entity.EconomicalAnalysisEO.EcoId"/>
    </AttrArray>
  </Key>
</Entity>
