<?xml version="1.0" encoding="windows-1252" ?>
<!DOCTYPE Entity SYSTEM "jbo_03_01.dtd">
<!---->
<Entity
  xmlns="http://xmlns.oracle.com/bc4j"
  Name="History"
  Version="11.1.1.64.93"
  InheritPersonalization="true"
  DBObjectType="table"
  DBObjectName="HISTORY"
  AliasName="History"
  BindingStyle="OracleName"
  UseGlueCode="false">
  <DesignTime>
    <Attr Name="_codeGenFlag2" Value="Access"/>
    <AttrArray Name="_publishEvents"/>
  </DesignTime>
  <Attribute
    Name="BondId"
    IsNotNull="true"
    Precision="60"
    ColumnName="BOND_ID"
    SQLType="VARCHAR"
    Type="java.lang.String"
    ColumnType="VARCHAR2"
    TableName="HISTORY">
    <DesignTime>
      <Attr Name="_DisplaySize" Value="60"/>
    </DesignTime>
  </Attribute>
  <Attribute
    Name="UserId"
    IsNotNull="true"
    ColumnName="USER_ID"
    SQLType="NUMERIC"
    Type="oracle.jbo.domain.Number"
    ColumnType="NUMBER"
    TableName="HISTORY">
    <DesignTime>
      <Attr Name="_DisplaySize" Value="39"/>
    </DesignTime>
  </Attribute>
  <Attribute
    Name="Decision"
    IsNotNull="true"
    Precision="200"
    ColumnName="DECISION"
    SQLType="VARCHAR"
    Type="java.lang.String"
    ColumnType="VARCHAR2"
    TableName="HISTORY">
    <DesignTime>
      <Attr Name="_DisplaySize" Value="200"/>
    </DesignTime>
  </Attribute>
  <Attribute
    Name="DecisionDate"
    IsNotNull="true"
    ColumnName="DECISION_DATE"
    SQLType="TIMESTAMP"
    Type="oracle.jbo.domain.Date"
    ColumnType="DATE"
    TableName="HISTORY">
    <DesignTime>
      <Attr Name="_DisplaySize" Value="7"/>
    </DesignTime>
  </Attribute>
  <Attribute
    Name="RowID"
    IsUpdateable="false"
    ColumnName="ROWID"
    SQLType="ROWID"
    Type="oracle.jbo.domain.RowID"
    ColumnType="ROWID"
    TableName="HISTORY"
    PrimaryKey="true"/>
  <Key
    Name="SysC0016643">
    <DesignTime>
      <Attr Name="_DBObjectName" Value="SYS_C0016643"/>
      <Attr Name="_checkCondition" Value='"BOND_ID" IS NOT NULL'/>
      <Attr Name="_isDisabledConstraint" Value="true"/>
      <Attr Name="_isCheck" Value="true"/>
    </DesignTime>
    <AttrArray Name="Attributes">
      <Item Value="com.model.entity.History.BondId"/>
    </AttrArray>
  </Key>
  <Key
    Name="SysC0016644">
    <DesignTime>
      <Attr Name="_DBObjectName" Value="SYS_C0016644"/>
      <Attr Name="_checkCondition" Value='"USER_ID" IS NOT NULL'/>
      <Attr Name="_isDisabledConstraint" Value="true"/>
      <Attr Name="_isCheck" Value="true"/>
    </DesignTime>
    <AttrArray Name="Attributes">
      <Item Value="com.model.entity.History.UserId"/>
    </AttrArray>
  </Key>
  <Key
    Name="SysC0016645">
    <DesignTime>
      <Attr Name="_DBObjectName" Value="SYS_C0016645"/>
      <Attr Name="_checkCondition" Value='"DECISION" IS NOT NULL'/>
      <Attr Name="_isDisabledConstraint" Value="true"/>
      <Attr Name="_isCheck" Value="true"/>
    </DesignTime>
    <AttrArray Name="Attributes">
      <Item Value="com.model.entity.History.Decision"/>
    </AttrArray>
  </Key>
  <Key
    Name="SysC0016646">
    <DesignTime>
      <Attr Name="_DBObjectName" Value="SYS_C0016646"/>
      <Attr Name="_checkCondition" Value='"DECISION_DATE" IS NOT NULL'/>
      <Attr Name="_isDisabledConstraint" Value="true"/>
      <Attr Name="_isCheck" Value="true"/>
    </DesignTime>
    <AttrArray Name="Attributes">
      <Item Value="com.model.entity.History.DecisionDate"/>
    </AttrArray>
  </Key>
  <Key
    Name="FkHistBond">
    <DesignTime>
      <Attr Name="_referencedKey" Value="SYS_C0016569"/>
      <Attr Name="_isForeign" Value="true"/>
      <Attr Name="_DBObjectName" Value="FK_HIST_BOND"/>
      <Attr Name="_isDisabledConstraint" Value="true"/>
    </DesignTime>
    <AttrArray Name="Attributes">
      <Item Value="com.model.entity.History.BondId"/>
    </AttrArray>
  </Key>
  <Key
    Name="FkHistUser">
    <DesignTime>
      <Attr Name="_referencedKey" Value="USERS_PK"/>
      <Attr Name="_isForeign" Value="true"/>
      <Attr Name="_DBObjectName" Value="FK_HIST_USER"/>
      <Attr Name="_isDisabledConstraint" Value="true"/>
    </DesignTime>
    <AttrArray Name="Attributes">
      <Item Value="com.model.entity.History.UserId"/>
    </AttrArray>
  </Key>
</Entity>
