<?xml version = '1.0' encoding = 'UTF-8'?>
<task-flow-registry xmlns="http://xmlns.oracle.com/adf/controller/rc">
   <task-flow-descriptor path="WEB-INF/DashboardFlow.xml" id="DashboardFlow" type="task-flow-definition" uses-page-fragments="true" library-internal="false" remote-invocable="false" train="false" critical="false" page-type="jsp">
      <input-parameter name="userId"/>
   </task-flow-descriptor>
   <task-flow-descriptor path="WEB-INF/FUWAnalysisFlow.xml" id="FUWAnalysisFlow" type="task-flow-definition" uses-page-fragments="true" library-internal="false" remote-invocable="false" train="false" critical="false" page-type="jsp">
      <input-parameter name="bondAmount"/>
      <input-parameter name="bondId"/>
      <input-parameter name="customerNum"/>
      <input-parameter name="bondStatus"/>
      <input-parameter name="userName"/>
      <input-parameter name="userRole"/>
      <input-parameter name="userId"/>
   </task-flow-descriptor>
</task-flow-registry>