<?xml version = '1.0' encoding = 'UTF-8'?>
<oracle-webservice-clients xmlns:ns2="http://java.sun.com/xml/ns/javaee">
   <webservice-client>
      <service-qname namespaceURI="http://oracle.com/sca/soapservice/AtradiusUtilityApplication2/UpdateTaskActivityService/UpdateTaskActivityWS"
                     localpart="UpdateTaskActivityWS"/>
      <port-info>
         <wsdl-port namespaceURI="http://oracle.com/sca/soapservice/AtradiusUtilityApplication2/UpdateTaskActivityService/UpdateTaskActivityWS"
                    localpart="execute_pt"/>
         <runtime/>
         <operations>
            <operation name="execute"/>
         </operations>
      </port-info>
   </webservice-client>
</oracle-webservice-clients>
